{
    "trades": [
        {
            "Date": "2025-06-08",
            "Pair": "EURUSD",
            "Outcome": "Win",
            "Risk%": 0.25,
            "R_Multiple": 4.0,
            "Strategy": "N/A",
            "Entry_Price": 0.0,
            "Exit_Price": 0.0,
            "Position_Size": 25.0,
            "Comment": "",
            "Equity": 10100.0,
            "Session": "London",
            "Setup_Quality": "A+",
            "Market_Condition": "Trending",
            "Trade_Duration": 60,
            "MAE": 0.0,
            "MFE": 0.0,
            "Commission": 0.0,
            "Swap": 0.0
        },
        {
            "Date": "2025-06-08",
            "Pair": "EURUSD",
            "Outcome": "Win",
            "Risk%": 1.0,
            "R_Multiple": 2.0,
            "Strategy": "N/A",
            "Entry_Price": 0.0,
            "Exit_Price": 0.0,
            "Position_Size": 101.0,
            "Comment": "",
            "Equity": 10302.0,
            "Session": "London",
            "Setup_Quality": "A+",
            "Market_Condition": "Trending",
            "Trade_Duration": 60,
            "MAE": 0.0,
            "MFE": 0.0,
            "Commission": 0.0,
            "Swap": 0.0
        },
        {
            "Date": "2025-06-08",
            "Pair": "EURUSD",
            "Outcome": "Win",
            "Risk%": 1.0,
            "R_Multiple": 2.0,
            "Strategy": "N/A",
            "Entry_Price": 0.0,
            "Exit_Price": 0.0,
            "Position_Size": 103.02,
            "Comment": "",
            "Equity": 10508.04,
            "Session": "London",
            "Setup_Quality": "A+",
            "Market_Condition": "Trending",
            "Trade_Duration": 60,
            "MAE": 0.0,
            "MFE": 0.0,
            "Commission": 0.0,
            "Swap": 0.0
        },
        {
            "Date": "2025-06-08",
            "Pair": "EURUSD",
            "Outcome": "Win",
            "Risk%": 1.0,
            "R_Multiple": 1.9,
            "Strategy": "N/A",
            "Entry_Price": 0.0,
            "Exit_Price": 0.0,
            "Position_Size": 105.08040000000001,
            "Comment": "",
            "Equity": 10707.692760000002,
            "Session": "London",
            "Setup_Quality": "A+",
            "Market_Condition": "Trending",
            "Trade_Duration": 60,
            "MAE": 0.0,
            "MFE": 0.0,
            "Commission": 0.0,
            "Swap": 0.0
        },
        {
            "Date": "2025-06-08",
            "Pair": "EURUSD",
            "Outcome": "Loss",
            "Risk%": 1.0,
            "R_Multiple": -1.0,
            "Strategy": "N/A",
            "Entry_Price": 0.0,
            "Exit_Price": 0.0,
            "Position_Size": 107.07692760000002,
            "Comment": "",
            "Equity": 10600.615832400003,
            "Session": "London",
            "Setup_Quality": "A+",
            "Market_Condition": "Trending",
            "Trade_Duration": 60,
            "MAE": 0.0,
            "MFE": 0.0,
            "Commission": 0.0,
            "Swap": 0.0
        },
        {
            "Date": "2025-06-08",
            "Pair": "EURUSD",
            "Outcome": "Win",
            "Risk%": 0.25,
            "R_Multiple": 4.0,
            "Strategy": "N/A",
            "Entry_Price": 0.0,
            "Exit_Price": 0.0,
            "Position_Size": 26.501539581000007,
            "Comment": "",
            "Equity": 10706.621990724003,
            "Session": "London",
            "Setup_Quality": "A+",
            "Market_Condition": "Trending",
            "Trade_Duration": 60,
            "MAE": 0.0,
            "MFE": 0.0,
            "Commission": 0.0,
            "Swap": 0.0
        },
        {
            "Date": "2025-06-08",
            "Pair": "EURUSD",
            "Outcome": "Win",
            "Risk%": 1.25,
            "R_Multiple": 4.0,
            "Strategy": "N/A",
            "Entry_Price": 0.0,
            "Exit_Price": 0.0,
            "Position_Size": 133.83277488405005,
            "Comment": "",
            "Equity": 11241.953090260204,
            "Session": "London",
            "Setup_Quality": "A+",
            "Market_Condition": "Trending",
            "Trade_Duration": 60,
            "MAE": 0.0,
            "MFE": 0.0,
            "Commission": 0.0,
            "Swap": 0.0
        },
        {
            "Date": "2025-06-08",
            "Pair": "EURUSD",
            "Outcome": "Win",
            "Risk%": 1.25,
            "R_Multiple": 4.0,
            "Strategy": "N/A",
            "Entry_Price": 0.0,
            "Exit_Price": 0.0,
            "Position_Size": 140.52441362825255,
            "Comment": "",
            "Equity": 11804.050744773214,
            "Session": "London",
            "Setup_Quality": "A+",
            "Market_Condition": "Trending",
            "Trade_Duration": 60,
            "MAE": 0.0,
            "MFE": 0.0,
            "Commission": 0.0,
            "Swap": 0.0
        },
        {
            "Date": "2025-06-08",
            "Pair": "EURUSD",
            "Outcome": "Loss",
            "Risk%": 1.25,
            "R_Multiple": -1.0,
            "Strategy": "N/A",
            "Entry_Price": 0.0,
            "Exit_Price": 0.0,
            "Position_Size": 147.55063430966518,
            "Comment": "",
            "Equity": 11656.500110463548,
            "Session": "London",
            "Setup_Quality": "A+",
            "Market_Condition": "Trending",
            "Trade_Duration": 60,
            "MAE": 0.0,
            "MFE": 0.0,
            "Commission": 0.0,
            "Swap": 0.0
        },
        {
            "Date": "2025-06-08",
            "Pair": "EURUSD",
            "Outcome": "Loss",
            "Risk%": 1.25,
            "R_Multiple": -1.0,
            "Strategy": "N/A",
            "Entry_Price": 0.0,
            "Exit_Price": 0.0,
            "Position_Size": 145.70625138079436,
            "Comment": "",
            "Equity": 11510.793859082754,
            "Session": "London",
            "Setup_Quality": "A+",
            "Market_Condition": "Trending",
            "Trade_Duration": 60,
            "MAE": 0.0,
            "MFE": 0.0,
            "Commission": 0.0,
            "Swap": 0.0
        },
        {
            "Date": "2025-06-08",
            "Pair": "EURUSD",
            "Outcome": "Win",
            "Risk%": 1.25,
            "R_Multiple": 2.0,
            "Strategy": "N/A",
            "Entry_Price": 0.0,
            "Exit_Price": 0.0,
            "Position_Size": 143.88492323853444,
            "Comment": "",
            "Equity": 11798.563705559824,
            "Session": "London",
            "Setup_Quality": "A+",
            "Market_Condition": "Trending",
            "Trade_Duration": 60,
            "MAE": 0.0,
            "MFE": 0.0,
            "Commission": 0.0,
            "Swap": 0.0
        },
        {
            "Date": "2025-06-08",
            "Pair": "EURUSD",
            "Outcome": "Breakeven",
            "Risk%": 0.25,
            "R_Multiple": 0.0,
            "Strategy": "N/A",
            "Entry_Price": 0.0,
            "Exit_Price": 0.0,
            "Position_Size": 29.496409263899558,
            "Comment": "",
            "Equity": 11798.563705559824,
            "Session": "London",
            "Setup_Quality": "A+",
            "Market_Condition": "Trending",
            "Trade_Duration": 60,
            "MAE": 0.0,
            "MFE": 0.0,
            "Commission": 0.0,
            "Swap": 0.0
        },
        {
            "Date": "2025-06-08",
            "Pair": "EURUSD",
            "Outcome": "Loss",
            "Risk%": 0.25,
            "R_Multiple": -1.0,
            "Strategy": "N/A",
            "Entry_Price": 0.0,
            "Exit_Price": 0.0,
            "Position_Size": 29.496409263899558,
            "Comment": "",
            "Equity": 11769.067296295923,
            "Session": "London",
            "Setup_Quality": "A+",
            "Market_Condition": "Trending",
            "Trade_Duration": 60,
            "MAE": 0.0,
            "MFE": 0.0,
            "Commission": 0.0,
            "Swap": 0.0
        },
        {
            "Date": "2025-06-08",
            "Pair": "EURUSD",
            "Outcome": "Win",
            "Risk%": 0.25,
            "R_Multiple": 2.0,
            "Strategy": "N/A",
            "Entry_Price": 0.0,
            "Exit_Price": 0.0,
            "Position_Size": 29.42266824073981,
            "Comment": "",
            "Equity": 11827.912632777403,
            "Session": "London",
            "Setup_Quality": "A+",
            "Market_Condition": "Trending",
            "Trade_Duration": 60,
            "MAE": 0.0,
            "MFE": 0.0,
            "Commission": 0.0,
            "Swap": 0.0
        },
        {
            "Date": "2025-06-08",
            "Pair": "EURUSD",
            "Outcome": "Win",
            "Risk%": 0.25,
            "R_Multiple": 2.0,
            "Strategy": "N/A",
            "Entry_Price": 0.0,
            "Exit_Price": 0.0,
            "Position_Size": 29.56978158194351,
            "Comment": "",
            "Equity": 11887.052195941289,
            "Session": "London",
            "Setup_Quality": "A+",
            "Market_Condition": "Trending",
            "Trade_Duration": 60,
            "MAE": 0.0,
            "MFE": 0.0,
            "Commission": 0.0,
            "Swap": 0.0
        },
        {
            "Date": "2025-06-08",
            "Pair": "EURUSD",
            "Outcome": "Loss",
            "Risk%": 0.25,
            "R_Multiple": -1.0,
            "Strategy": "N/A",
            "Entry_Price": 0.0,
            "Exit_Price": 0.0,
            "Position_Size": 29.717630489853224,
            "Comment": "",
            "Equity": 11857.334565451436,
            "Session": "London",
            "Setup_Quality": "A+",
            "Market_Condition": "Trending",
            "Trade_Duration": 60,
            "MAE": 0.0,
            "MFE": 0.0,
            "Commission": 0.0,
            "Swap": 0.0
        },
        {
            "Date": "2025-06-08",
            "Pair": "EURUSD",
            "Outcome": "Breakeven",
            "Risk%": 0.25,
            "R_Multiple": 0.0,
            "Strategy": "N/A",
            "Entry_Price": 0.0,
            "Exit_Price": 0.0,
            "Position_Size": 29.64333641362859,
            "Comment": "",
            "Equity": 11857.334565451436,
            "Session": "London",
            "Setup_Quality": "A+",
            "Market_Condition": "Trending",
            "Trade_Duration": 60,
            "MAE": 0.0,
            "MFE": 0.0,
            "Commission": 0.0,
            "Swap": 0.0
        },
        {
            "Date": "2025-06-08",
            "Pair": "EURUSD",
            "Outcome": "Breakeven",
            "Risk%": 0.25,
            "R_Multiple": 0.0,
            "Strategy": "N/A",
            "Entry_Price": 0.0,
            "Exit_Price": 0.0,
            "Position_Size": 29.64333641362858,
            "Comment": "",
            "Equity": 11857.334565451432,
            "Session": "London",
            "Setup_Quality": "A+",
            "Market_Condition": "Trending",
            "Trade_Duration": 60,
            "MAE": 0.0,
            "MFE": 0.0,
            "Commission": 0.0,
            "Swap": 0.0
        },
        {
            "Date": "2025-06-08",
            "Pair": "EURUSD",
            "Outcome": "Loss",
            "Risk%": 0.25,
            "R_Multiple": -1.0,
            "Strategy": "N/A",
            "Entry_Price": 0.0,
            "Exit_Price": 0.0,
            "Position_Size": 29.643336413628585,
            "Comment": "",
            "Equity": 11827.691229037806,
            "Session": "London",
            "Setup_Quality": "A+",
            "Market_Condition": "Trending",
            "Trade_Duration": 60,
            "MAE": 0.0,
            "MFE": 0.0,
            "Commission": 0.0,
            "Swap": 0.0
        },
        {
            "Date": "2025-06-08",
            "Pair": "EURUSD",
            "Outcome": "Win",
            "Risk%": 0.25,
            "R_Multiple": 2.0,
            "Strategy": "N/A",
            "Entry_Price": 0.0,
            "Exit_Price": 0.0,
            "Position_Size": 29.569228072594512,
            "Comment": "",
            "Equity": 11886.829685182993,
            "Session": "London",
            "Setup_Quality": "A+",
            "Market_Condition": "Trending",
            "Trade_Duration": 60,
            "MAE": 0.0,
            "MFE": 0.0,
            "Commission": 0.0,
            "Swap": 0.0
        },
        {
            "Date": "2025-06-08",
            "Pair": "EURUSD",
            "Outcome": "Win",
            "Risk%": 0.25,
            "R_Multiple": 2.0,
            "Strategy": "N/A",
            "Entry_Price": 0.0,
            "Exit_Price": 0.0,
            "Position_Size": 29.71707421295749,
            "Comment": "",
            "Equity": 11946.26383360891,
            "Session": "London",
            "Setup_Quality": "A+",
            "Market_Condition": "Trending",
            "Trade_Duration": 60,
            "MAE": 0.0,
            "MFE": 0.0,
            "Commission": 0.0,
            "Swap": 0.0
        },
        {
            "Date": "2025-06-08",
            "Pair": "EURUSD",
            "Outcome": "Win",
            "Risk%": 0.25,
            "R_Multiple": 4.0,
            "Strategy": "N/A",
            "Entry_Price": 0.0,
            "Exit_Price": 0.0,
            "Position_Size": 29.86565958402226,
            "Comment": "",
            "Equity": 12065.726471944992,
            "Session": "London",
            "Setup_Quality": "A+",
            "Market_Condition": "Trending",
            "Trade_Duration": 60,
            "MAE": 0.0,
            "MFE": 0.0,
            "Commission": 0.0,
            "Swap": 0.0
        },
        {
            "Date": "2025-06-08",
            "Pair": "EURUSD",
            "Outcome": "Win",
            "Risk%": 0.25,
            "R_Multiple": 4.0,
            "Strategy": "N/A",
            "Entry_Price": 0.0,
            "Exit_Price": 0.0,
            "Position_Size": 30.16431617986249,
            "Comment": "",
            "Equity": 12186.383736664446,
            "Session": "London",
            "Setup_Quality": "A+",
            "Market_Condition": "Trending",
            "Trade_Duration": 60,
            "MAE": 0.0,
            "MFE": 0.0,
            "Commission": 0.0,
            "Swap": 0.0
        },
        {
            "Date": "2025-06-08",
            "Pair": "EURUSD",
            "Outcome": "Win",
            "Risk%": 0.25,
            "R_Multiple": 4.0,
            "Strategy": "N/A",
            "Entry_Price": 0.0,
            "Exit_Price": 0.0,
            "Position_Size": 30.465959341661122,
            "Comment": "",
            "Equity": 12308.247574031095,
            "Session": "London",
            "Setup_Quality": "A+",
            "Market_Condition": "Trending",
            "Trade_Duration": 60,
            "MAE": 0.0,
            "MFE": 0.0,
            "Commission": 0.0,
            "Swap": 0.0
        },
        {
            "Date": "2025-06-08",
            "Pair": "EURUSD",
            "Outcome": "Win",
            "Risk%": 1.0,
            "R_Multiple": 2.0,
            "Strategy": "N/A",
            "Entry_Price": 0.0,
            "Exit_Price": 0.0,
            "Position_Size": 123.0824757403109,
            "Comment": "",
            "Equity": 12554.41252551171,
            "Session": "London",
            "Setup_Quality": "A+",
            "Market_Condition": "Trending",
            "Trade_Duration": 60,
            "MAE": 0.0,
            "MFE": 0.0,
            "Commission": 0.0,
            "Swap": 0.0
        },
        {
            "Date": "2025-06-08",
            "Pair": "EURUSD",
            "Outcome": "Breakeven",
            "Risk%": 1.0,
            "R_Multiple": 0.0,
            "Strategy": "N/A",
            "Entry_Price": 0.0,
            "Exit_Price": 0.0,
            "Position_Size": 125.5441252551171,
            "Comment": "",
            "Equity": 12554.412525511709,
            "Session": "London",
            "Setup_Quality": "A+",
            "Market_Condition": "Trending",
            "Trade_Duration": 60,
            "MAE": 0.0,
            "MFE": 0.0,
            "Commission": 0.0,
            "Swap": 0.0
        },
        {
            "Date": "2025-06-08",
            "Pair": "EURUSD",
            "Outcome": "Breakeven",
            "Risk%": 1.0,
            "R_Multiple": 0.0,
            "Strategy": "N/A",
            "Entry_Price": 0.0,
            "Exit_Price": 0.0,
            "Position_Size": 125.54412525511711,
            "Comment": "",
            "Equity": 12554.41252551171,
            "Session": "London",
            "Setup_Quality": "A+",
            "Market_Condition": "Trending",
            "Trade_Duration": 60,
            "MAE": 0.0,
            "MFE": 0.0,
            "Commission": 0.0,
            "Swap": 0.0
        },
        {
            "Date": "2025-06-08",
            "Pair": "EURUSD",
            "Outcome": "Win",
            "Risk%": 1.0,
            "R_Multiple": 2.0,
            "Strategy": "N/A",
            "Entry_Price": 0.0,
            "Exit_Price": 0.0,
            "Position_Size": 125.54412525511715,
            "Comment": "",
            "Equity": 12805.500776021949,
            "Session": "London",
            "Setup_Quality": "A+",
            "Market_Condition": "Trending",
            "Trade_Duration": 60,
            "MAE": 0.0,
            "MFE": 0.0,
            "Commission": 0.0,
            "Swap": 0.0
        },
        {
            "Date": "2025-06-08",
            "Pair": "EURUSD",
            "Outcome": "Breakeven",
            "Risk%": 1.0,
            "R_Multiple": 0.0,
            "Strategy": "N/A",
            "Entry_Price": 0.0,
            "Exit_Price": 0.0,
            "Position_Size": 128.0550077602195,
            "Comment": "",
            "Equity": 12805.500776021949,
            "Session": "London",
            "Setup_Quality": "A+",
            "Market_Condition": "Trending",
            "Trade_Duration": 60,
            "MAE": 0.0,
            "MFE": 0.0,
            "Commission": 0.0,
            "Swap": 0.0
        },
        {
            "Date": "2025-06-08",
            "Pair": "EURUSD",
            "Outcome": "Breakeven",
            "Risk%": 1.0,
            "R_Multiple": 0.0,
            "Strategy": "N/A",
            "Entry_Price": 0.0,
            "Exit_Price": 0.0,
            "Position_Size": 128.0550077602195,
            "Comment": "",
            "Equity": 12805.500776021949,
            "Session": "London",
            "Setup_Quality": "A+",
            "Market_Condition": "Trending",
            "Trade_Duration": 60,
            "MAE": 0.0,
            "MFE": 0.0,
            "Commission": 0.0,
            "Swap": 0.0
        },
        {
            "Date": "2025-06-08",
            "Pair": "EURUSD",
            "Outcome": "Loss",
            "Risk%": 1.0,
            "R_Multiple": -1.0,
            "Strategy": "N/A",
            "Entry_Price": 0.0,
            "Exit_Price": 0.0,
            "Position_Size": 128.05500776021955,
            "Comment": "",
            "Equity": 12677.445768261734,
            "Session": "London",
            "Setup_Quality": "A+",
            "Market_Condition": "Trending",
            "Trade_Duration": 60,
            "MAE": 0.0,
            "MFE": 0.0,
            "Commission": 0.0,
            "Swap": 0.0
        },
        {
            "Date": "2025-06-08",
            "Pair": "EURUSD",
            "Outcome": "Loss",
            "Risk%": 1.0,
            "R_Multiple": -1.0,
            "Strategy": "N/A",
            "Entry_Price": 0.0,
            "Exit_Price": 0.0,
            "Position_Size": 126.77445768261734,
            "Comment": "",
            "Equity": 12550.671310579117,
            "Session": "London",
            "Setup_Quality": "A+",
            "Market_Condition": "Trending",
            "Trade_Duration": 60,
            "MAE": 0.0,
            "MFE": 0.0,
            "Commission": 0.0,
            "Swap": 0.0
        },
        {
            "Date": "2025-06-08",
            "Pair": "EURUSD",
            "Outcome": "Win",
            "Risk%": 0.25,
            "R_Multiple": 4.0,
            "Strategy": "N/A",
            "Entry_Price": 0.0,
            "Exit_Price": 0.0,
            "Position_Size": 31.376678276447795,
            "Comment": "",
            "Equity": 12676.178023684908,
            "Session": "London",
            "Setup_Quality": "A+",
            "Market_Condition": "Trending",
            "Trade_Duration": 60,
            "MAE": 0.0,
            "MFE": 0.0,
            "Commission": 0.0,
            "Swap": 0.0
        },
        {
            "Date": "2025-06-08",
            "Pair": "EURUSD",
            "Outcome": "Win",
            "Risk%": 1.0,
            "R_Multiple": 2.0,
            "Strategy": "N/A",
            "Entry_Price": 0.0,
            "Exit_Price": 0.0,
            "Position_Size": 126.76178023684899,
            "Comment": "",
            "Equity": 12929.701584158596,
            "Session": "London",
            "Setup_Quality": "A+",
            "Market_Condition": "Trending",
            "Trade_Duration": 60,
            "MAE": 0.0,
            "MFE": 0.0,
            "Commission": 0.0,
            "Swap": 0.0
        },
        {
            "Date": "2025-06-08",
            "Pair": "EURUSD",
            "Outcome": "Win",
            "Risk%": 1.0,
            "R_Multiple": 2.0,
            "Strategy": "N/A",
            "Entry_Price": 0.0,
            "Exit_Price": 0.0,
            "Position_Size": 129.29701584158602,
            "Comment": "",
            "Equity": 13188.295615841773,
            "Session": "London",
            "Setup_Quality": "A+",
            "Market_Condition": "Trending",
            "Trade_Duration": 60,
            "MAE": 0.0,
            "MFE": 0.0,
            "Commission": 0.0,
            "Swap": 0.0
        },
        {
            "Date": "2025-06-08",
            "Pair": "EURUSD",
            "Outcome": "Win",
            "Risk%": 1.0,
            "R_Multiple": 2.0,
            "Strategy": "N/A",
            "Entry_Price": 0.0,
            "Exit_Price": 0.0,
            "Position_Size": 131.88295615841776,
            "Comment": "",
            "Equity": 13452.061528158612,
            "Session": "London",
            "Setup_Quality": "A+",
            "Market_Condition": "Trending",
            "Trade_Duration": 60,
            "MAE": 0.0,
            "MFE": 0.0,
            "Commission": 0.0,
            "Swap": 0.0
        },
        {
            "Date": "2025-06-08",
            "Pair": "EURUSD",
            "Outcome": "Win",
            "Risk%": 1.0,
            "R_Multiple": 2.0,
            "Strategy": "N/A",
            "Entry_Price": 0.0,
            "Exit_Price": 0.0,
            "Position_Size": 134.52061528158603,
            "Comment": "",
            "Equity": 13721.102758721776,
            "Session": "London",
            "Setup_Quality": "A+",
            "Market_Condition": "Trending",
            "Trade_Duration": 60,
            "MAE": 0.0,
            "MFE": 0.0,
            "Commission": 0.0,
            "Swap": 0.0
        },
        {
            "Date": "2025-06-08",
            "Pair": "EURUSD",
            "Outcome": "Loss",
            "Risk%": 1.0,
            "R_Multiple": -1.0,
            "Strategy": "N/A",
            "Entry_Price": 0.0,
            "Exit_Price": 0.0,
            "Position_Size": 137.2110275872178,
            "Comment": "",
            "Equity": 13583.891731134563,
            "Session": "London",
            "Setup_Quality": "A+",
            "Market_Condition": "Trending",
            "Trade_Duration": 60,
            "MAE": 0.0,
            "MFE": 0.0,
            "Commission": 0.0,
            "Swap": 0.0
        },
        {
            "Date": "2025-06-08",
            "Pair": "EURUSD",
            "Outcome": "Win",
            "Risk%": 1.0,
            "R_Multiple": 2.0,
            "Strategy": "N/A",
            "Entry_Price": 0.0,
            "Exit_Price": 0.0,
            "Position_Size": 135.83891731134563,
            "Comment": "",
            "Equity": 13855.569565757254,
            "Session": "London",
            "Setup_Quality": "A+",
            "Market_Condition": "Trending",
            "Trade_Duration": 60,
            "MAE": 0.0,
            "MFE": 0.0,
            "Commission": 0.0,
            "Swap": 0.0
        },
        {
            "Date": "2025-06-08",
            "Pair": "EURUSD",
            "Outcome": "Win",
            "Risk%": 1.0,
            "R_Multiple": 2.0,
            "Strategy": "N/A",
            "Entry_Price": 0.0,
            "Exit_Price": 0.0,
            "Position_Size": 138.55569565757256,
            "Comment": "",
            "Equity": 14132.680957072402,
            "Session": "London",
            "Setup_Quality": "A+",
            "Market_Condition": "Trending",
            "Trade_Duration": 60,
            "MAE": 0.0,
            "MFE": 0.0,
            "Commission": 0.0,
            "Swap": 0.0
        },
        {
            "Date": "2025-06-08",
            "Pair": "EURUSD",
            "Outcome": "Win",
            "Risk%": 1.0,
            "R_Multiple": 2.0,
            "Strategy": "N/A",
            "Entry_Price": 0.0,
            "Exit_Price": 0.0,
            "Position_Size": 141.32680957072407,
            "Comment": "",
            "Equity": 14415.334576213856,
            "Session": "London",
            "Setup_Quality": "A+",
            "Market_Condition": "Trending",
            "Trade_Duration": 60,
            "MAE": 0.0,
            "MFE": 0.0,
            "Commission": 0.0,
            "Swap": 0.0
        },
        {
            "Date": "2025-06-08",
            "Pair": "EURUSD",
            "Outcome": "Win",
            "Risk%": 1.0,
            "R_Multiple": 2.0,
            "Strategy": "N/A",
            "Entry_Price": 0.0,
            "Exit_Price": 0.0,
            "Position_Size": 144.15334576213849,
            "Comment": "",
            "Equity": 14703.641267738125,
            "Session": "London",
            "Setup_Quality": "A+",
            "Market_Condition": "Trending",
            "Trade_Duration": 60,
            "MAE": 0.0,
            "MFE": 0.0,
            "Commission": 0.0,
            "Swap": 0.0
        },
        {
            "Date": "2025-06-08",
            "Pair": "EURUSD",
            "Outcome": "Loss",
            "Risk%": 1.0,
            "R_Multiple": -1.0,
            "Strategy": "N/A",
            "Entry_Price": 0.0,
            "Exit_Price": 0.0,
            "Position_Size": 147.0364126773812,
            "Comment": "",
            "Equity": 14556.604855060737,
            "Session": "London",
            "Setup_Quality": "A+",
            "Market_Condition": "Trending",
            "Trade_Duration": 60,
            "MAE": 0.0,
            "MFE": 0.0,
            "Commission": 0.0,
            "Swap": 0.0
        },
        {
            "Date": "2025-06-08",
            "Pair": "EURUSD",
            "Outcome": "Loss",
            "Risk%": 1.0,
            "R_Multiple": -1.0,
            "Strategy": "N/A",
            "Entry_Price": 0.0,
            "Exit_Price": 0.0,
            "Position_Size": 145.5660485506074,
            "Comment": "",
            "Equity": 14411.038806510134,
            "Session": "London",
            "Setup_Quality": "A+",
            "Market_Condition": "Trending",
            "Trade_Duration": 60,
            "MAE": 0.0,
            "MFE": 0.0,
            "Commission": 0.0,
            "Swap": 0.0
        },
        {
            "Date": "2025-06-08",
            "Pair": "EURUSD",
            "Outcome": "Breakeven",
            "Risk%": 1.0,
            "R_Multiple": 0.0,
            "Strategy": "N/A",
            "Entry_Price": 0.0,
            "Exit_Price": 0.0,
            "Position_Size": 144.11038806510138,
            "Comment": "",
            "Equity": 14411.038806510136,
            "Session": "London",
            "Setup_Quality": "A+",
            "Market_Condition": "Trending",
            "Trade_Duration": 60,
            "MAE": 0.0,
            "MFE": 0.0,
            "Commission": 0.0,
            "Swap": 0.0
        },
        {
            "Date": "2025-06-08",
            "Pair": "EURUSD",
            "Outcome": "Loss",
            "Risk%": 1.0,
            "R_Multiple": -1.0,
            "Strategy": "N/A",
            "Entry_Price": 0.0,
            "Exit_Price": 0.0,
            "Position_Size": 144.11038806510132,
            "Comment": "",
            "Equity": 14266.928418445032,
            "Session": "London",
            "Setup_Quality": "A+",
            "Market_Condition": "Trending",
            "Trade_Duration": 60,
            "MAE": 0.0,
            "MFE": 0.0,
            "Commission": 0.0,
            "Swap": 0.0
        },
        {
            "Date": "2025-06-08",
            "Pair": "EURUSD",
            "Outcome": "Win",
            "Risk%": 1.0,
            "R_Multiple": 2.0,
            "Strategy": "N/A",
            "Entry_Price": 0.0,
            "Exit_Price": 0.0,
            "Position_Size": 142.66928418445033,
            "Comment": "",
            "Equity": 14552.266986813933,
            "Session": "London",
            "Setup_Quality": "A+",
            "Market_Condition": "Trending",
            "Trade_Duration": 60,
            "MAE": 0.0,
            "MFE": 0.0,
            "Commission": 0.0,
            "Swap": 0.0
        }
    ],
    "equity": 14552.266986813933,
    "starting_equity": 10000.0
}