{
    "trades": [
        {
            "Date": "2025-06-08",
            "Pair": "EURUSD",
            "Outcome": "Win",
            "Risk%": 1.0,
            "R_Multiple": 2.0,
            "Strategy": "N/A",
            "Entry_Price": 0.0,
            "Exit_Price": 0.0,
            "Position_Size": 100.0,
            "Comment": "",
            "Equity": 10200.0,
            "Session": "London",
            "Setup_Quality": "A+",
            "Market_Condition": "Trending",
            "Trade_Duration": 60,
            "MAE": 0.0,
            "MFE": 0.0,
            "Commission": 0.0,
            "Swap": 0.0
        },
        {
            "Date": "2025-06-08",
            "Pair": "EURUSD",
            "Outcome": "Win",
            "Risk%": 1.0,
            "R_Multiple": 2.0,
            "Strategy": "N/A",
            "Entry_Price": 0.0,
            "Exit_Price": 0.0,
            "Position_Size": 102.0,
            "Comment": "",
            "Equity": 10404.0,
            "Session": "London",
            "Setup_Quality": "A+",
            "Market_Condition": "Trending",
            "Trade_Duration": 60,
            "MAE": 0.0,
            "MFE": 0.0,
            "Commission": 0.0,
            "Swap": 0.0
        },
        {
            "Date": "2025-06-08",
            "Pair": "EURUSD",
            "Outcome": "Win",
            "Risk%": 1.0,
            "R_Multiple": 2.0,
            "Strategy": "N/A",
            "Entry_Price": 0.0,
            "Exit_Price": 0.0,
            "Position_Size": 104.04,
            "Comment": "",
            "Equity": 10612.08,
            "Session": "London",
            "Setup_Quality": "A+",
            "Market_Condition": "Trending",
            "Trade_Duration": 60,
            "MAE": 0.0,
            "MFE": 0.0,
            "Commission": 0.0,
            "Swap": 0.0
        },
        {
            "Date": "2025-06-08",
            "Pair": "EURUSD",
            "Outcome": "Loss",
            "Risk%": 1.0,
            "R_Multiple": -1.0,
            "Strategy": "N/A",
            "Entry_Price": 0.0,
            "Exit_Price": 0.0,
            "Position_Size": 106.1208,
            "Comment": "",
            "Equity": 10505.9592,
            "Session": "London",
            "Setup_Quality": "A+",
            "Market_Condition": "Trending",
            "Trade_Duration": 60,
            "MAE": 0.0,
            "MFE": 0.0,
            "Commission": 0.0,
            "Swap": 0.0
        },
        {
            "Date": "2025-06-08",
            "Pair": "EURUSD",
            "Outcome": "Breakeven",
            "Risk%": 1.0,
            "R_Multiple": 0.0,
            "Strategy": "N/A",
            "Entry_Price": 0.0,
            "Exit_Price": 0.0,
            "Position_Size": 105.059592,
            "Comment": "",
            "Equity": 10505.9592,
            "Session": "London",
            "Setup_Quality": "A+",
            "Market_Condition": "Trending",
            "Trade_Duration": 60,
            "MAE": 0.0,
            "MFE": 0.0,
            "Commission": 0.0,
            "Swap": 0.0
        },
        {
            "Date": "2025-06-08",
            "Pair": "EURUSD",
            "Outcome": "Win",
            "Risk%": 1.0,
            "R_Multiple": 2.0,
            "Strategy": "N/A",
            "Entry_Price": 0.0,
            "Exit_Price": 0.0,
            "Position_Size": 105.059592,
            "Comment": "",
            "Equity": 10716.078383999999,
            "Session": "London",
            "Setup_Quality": "A+",
            "Market_Condition": "Trending",
            "Trade_Duration": 60,
            "MAE": 0.0,
            "MFE": 0.0,
            "Commission": 0.0,
            "Swap": 0.0
        },
        {
            "Date": "2025-06-08",
            "Pair": "EURUSD",
            "Outcome": "Win",
            "Risk%": 1.0,
            "R_Multiple": 2.0,
            "Strategy": "N/A",
            "Entry_Price": 0.0,
            "Exit_Price": 0.0,
            "Position_Size": 107.16078384,
            "Comment": "",
            "Equity": 10923.399951679998,
            "Session": "London",
            "Setup_Quality": "A+",
            "Market_Condition": "Trending",
            "Trade_Duration": 60,
            "MAE": 0.0,
            "MFE": 0.0,
            "Commission": 7.0,
            "Swap": 0.0
        },
        {
            "Date": "2025-06-08",
            "Pair": "EURUSD",
            "Outcome": "Breakeven",
            "Risk%": 1.0,
            "R_Multiple": 0.0,
            "Strategy": "N/A",
            "Entry_Price": 0.0,
            "Exit_Price": 0.0,
            "Position_Size": 109.23399951679998,
            "Comment": "",
            "Equity": 10916.399951679998,
            "Session": "London",
            "Setup_Quality": "A+",
            "Market_Condition": "Trending",
            "Trade_Duration": 60,
            "MAE": 0.0,
            "MFE": 0.0,
            "Commission": 7.0,
            "Swap": 0.0
        },
        {
            "Date": "2025-06-08",
            "Pair": "EURUSD",
            "Outcome": "Breakeven",
            "Risk%": 1.0,
            "R_Multiple": 0.0,
            "Strategy": "N/A",
            "Entry_Price": 0.0,
            "Exit_Price": 0.0,
            "Position_Size": 109.16399951679998,
            "Comment": "",
            "Equity": 10909.399951679998,
            "Session": "London",
            "Setup_Quality": "A+",
            "Market_Condition": "Trending",
            "Trade_Duration": 60,
            "MAE": 0.0,
            "MFE": 0.0,
            "Commission": 7.0,
            "Swap": 0.0
        },
        {
            "Date": "2025-06-08",
            "Pair": "EURUSD",
            "Outcome": "Breakeven",
            "Risk%": 1.0,
            "R_Multiple": 0.0,
            "Strategy": "N/A",
            "Entry_Price": 0.0,
            "Exit_Price": 0.0,
            "Position_Size": 109.09399951679998,
            "Comment": "",
            "Equity": 10902.399951679998,
            "Session": "London",
            "Setup_Quality": "A+",
            "Market_Condition": "Trending",
            "Trade_Duration": 60,
            "MAE": 0.0,
            "MFE": 0.0,
            "Commission": 7.0,
            "Swap": 0.0
        },
        {
            "Date": "2025-06-08",
            "Pair": "EURUSD",
            "Outcome": "Loss",
            "Risk%": 1.0,
            "R_Multiple": -1.0,
            "Strategy": "N/A",
            "Entry_Price": 0.0,
            "Exit_Price": 0.0,
            "Position_Size": 109.02399951679998,
            "Comment": "",
            "Equity": 10786.375952163198,
            "Session": "London",
            "Setup_Quality": "A+",
            "Market_Condition": "Trending",
            "Trade_Duration": 60,
            "MAE": 0.0,
            "MFE": 0.0,
            "Commission": 7.0,
            "Swap": 0.0
        },
        {
            "Date": "2025-06-08",
            "Pair": "EURUSD",
            "Outcome": "Loss",
            "Risk%": 1.0,
            "R_Multiple": -1.0,
            "Strategy": "N/A",
            "Entry_Price": 0.0,
            "Exit_Price": 0.0,
            "Position_Size": 107.86375952163199,
            "Comment": "",
            "Equity": 10671.512192641567,
            "Session": "London",
            "Setup_Quality": "A+",
            "Market_Condition": "Trending",
            "Trade_Duration": 60,
            "MAE": 0.0,
            "MFE": 0.0,
            "Commission": 7.0,
            "Swap": 0.0
        },
        {
            "Date": "2025-06-08",
            "Pair": "EURUSD",
            "Outcome": "Loss",
            "Risk%": 1.0,
            "R_Multiple": -1.0,
            "Strategy": "N/A",
            "Entry_Price": 0.0,
            "Exit_Price": 0.0,
            "Position_Size": 106.71512192641568,
            "Comment": "",
            "Equity": 10557.79707071515,
            "Session": "London",
            "Setup_Quality": "A+",
            "Market_Condition": "Trending",
            "Trade_Duration": 60,
            "MAE": 0.0,
            "MFE": 0.0,
            "Commission": 7.0,
            "Swap": 0.0
        },
        {
            "Date": "2025-06-08",
            "Pair": "EURUSD",
            "Outcome": "Loss",
            "Risk%": 1.0,
            "R_Multiple": -1.0,
            "Strategy": "N/A",
            "Entry_Price": 0.0,
            "Exit_Price": 0.0,
            "Position_Size": 105.57797070715151,
            "Comment": "",
            "Equity": 10445.219100007998,
            "Session": "London",
            "Setup_Quality": "A+",
            "Market_Condition": "Trending",
            "Trade_Duration": 60,
            "MAE": 0.0,
            "MFE": 0.0,
            "Commission": 7.0,
            "Swap": 0.0
        },
        {
            "Date": "2025-06-08",
            "Pair": "EURUSD",
            "Outcome": "Loss",
            "Risk%": 1.0,
            "R_Multiple": -1.0,
            "Strategy": "N/A",
            "Entry_Price": 0.0,
            "Exit_Price": 0.0,
            "Position_Size": 104.45219100007999,
            "Comment": "",
            "Equity": 10333.766909007918,
            "Session": "London",
            "Setup_Quality": "A+",
            "Market_Condition": "Trending",
            "Trade_Duration": 60,
            "MAE": 0.0,
            "MFE": 0.0,
            "Commission": 7.0,
            "Swap": 0.0
        },
        {
            "Date": "2025-06-08",
            "Pair": "EURUSD",
            "Outcome": "Loss",
            "Risk%": 1.0,
            "R_Multiple": -1.0,
            "Strategy": "N/A",
            "Entry_Price": 0.0,
            "Exit_Price": 0.0,
            "Position_Size": 103.33766909007919,
            "Comment": "",
            "Equity": 10223.42923991784,
            "Session": "London",
            "Setup_Quality": "A+",
            "Market_Condition": "Trending",
            "Trade_Duration": 60,
            "MAE": 0.0,
            "MFE": 0.0,
            "Commission": 7.0,
            "Swap": 0.0
        },
        {
            "Date": "2025-06-08",
            "Pair": "EURUSD",
            "Outcome": "Loss",
            "Risk%": 1.0,
            "R_Multiple": -1.0,
            "Strategy": "N/A",
            "Entry_Price": 0.0,
            "Exit_Price": 0.0,
            "Position_Size": 102.2342923991784,
            "Comment": "",
            "Equity": 10114.194947518661,
            "Session": "London",
            "Setup_Quality": "A+",
            "Market_Condition": "Trending",
            "Trade_Duration": 60,
            "MAE": 0.0,
            "MFE": 0.0,
            "Commission": 7.0,
            "Swap": 0.0
        },
        {
            "Date": "2025-06-08",
            "Pair": "EURUSD",
            "Outcome": "Loss",
            "Risk%": 1.0,
            "R_Multiple": -1.0,
            "Strategy": "N/A",
            "Entry_Price": 0.0,
            "Exit_Price": 0.0,
            "Position_Size": 101.08399922674046,
            "Comment": "",
            "Equity": 10000.315923447304,
            "Session": "London",
            "Setup_Quality": "A+",
            "Market_Condition": "Trending",
            "Trade_Duration": 60,
            "MAE": 0.0,
            "MFE": 0.0,
            "Commission": 7.0,
            "Swap": 0.0
        },
        {
            "Date": "2025-06-08",
            "Pair": "EURUSD",
            "Outcome": "Loss",
            "Risk%": 1.0,
            "R_Multiple": -1.0,
            "Strategy": "N/A",
            "Entry_Price": 0.0,
            "Exit_Price": 0.0,
            "Position_Size": 99.99751123751429,
            "Comment": "",
            "Equity": 9892.753612513914,
            "Session": "London",
            "Setup_Quality": "A+",
            "Market_Condition": "Trending",
            "Trade_Duration": 60,
            "MAE": 0.0,
            "MFE": 0.0,
            "Commission": 7.0,
            "Swap": 0.0
        },
        {
            "Date": "2025-06-08",
            "Pair": "EURUSD",
            "Outcome": "Loss",
            "Risk%": 1.0,
            "R_Multiple": -1.0,
            "Strategy": "N/A",
            "Entry_Price": 0.0,
            "Exit_Price": 0.0,
            "Position_Size": 98.9167410141895,
            "Comment": "",
            "Equity": 9785.757360404761,
            "Session": "London",
            "Setup_Quality": "A+",
            "Market_Condition": "Trending",
            "Trade_Duration": 60,
            "MAE": 0.0,
            "MFE": 0.0,
            "Commission": 7.0,
            "Swap": 0.0
        },
        {
            "Date": "2025-06-08",
            "Pair": "EURUSD",
            "Outcome": "Loss",
            "Risk%": 1.0,
            "R_Multiple": -1.0,
            "Strategy": "N/A",
            "Entry_Price": 0.0,
            "Exit_Price": 0.0,
            "Position_Size": 97.8526608050785,
            "Comment": "",
            "Equity": 9680.413419702772,
            "Session": "London",
            "Setup_Quality": "A+",
            "Market_Condition": "Trending",
            "Trade_Duration": 60,
            "MAE": 0.0,
            "MFE": 0.0,
            "Commission": 7.0,
            "Swap": 0.0
        },
        {
            "Date": "2025-06-08",
            "Pair": "EURUSD",
            "Outcome": "Loss",
            "Risk%": 1.0,
            "R_Multiple": -1.0,
            "Strategy": "N/A",
            "Entry_Price": 0.0,
            "Exit_Price": 0.0,
            "Position_Size": 96.79333908607815,
            "Comment": "",
            "Equity": 9575.540569521736,
            "Session": "London",
            "Setup_Quality": "A+",
            "Market_Condition": "Trending",
            "Trade_Duration": 60,
            "MAE": 0.0,
            "MFE": 0.0,
            "Commission": 7.0,
            "Swap": 0.0
        },
        {
            "Date": "2025-06-08",
            "Pair": "EURUSD",
            "Outcome": "Win",
            "Risk%": 1.0,
            "R_Multiple": 2.0,
            "Strategy": "N/A",
            "Entry_Price": 0.0,
            "Exit_Price": 0.0,
            "Position_Size": 95.75049289624826,
            "Comment": "",
            "Equity": 9759.550275417321,
            "Session": "London",
            "Setup_Quality": "A+",
            "Market_Condition": "Trending",
            "Trade_Duration": 60,
            "MAE": 0.0,
            "MFE": 0.0,
            "Commission": 7.0,
            "Swap": 0.0
        },
        {
            "Date": "2025-06-08",
            "Pair": "EURUSD",
            "Outcome": "Win",
            "Risk%": 1.0,
            "R_Multiple": 2.0,
            "Strategy": "N/A",
            "Entry_Price": 0.0,
            "Exit_Price": 0.0,
            "Position_Size": 97.58742602812609,
            "Comment": "",
            "Equity": 9946.91745486886,
            "Session": "London",
            "Setup_Quality": "A+",
            "Market_Condition": "Trending",
            "Trade_Duration": 60,
            "MAE": 0.0,
            "MFE": 0.0,
            "Commission": 7.0,
            "Swap": 0.0
        },
        {
            "Date": "2025-06-08",
            "Pair": "EURUSD",
            "Outcome": "Win",
            "Risk%": 1.0,
            "R_Multiple": 2.0,
            "Strategy": "N/A",
            "Entry_Price": 0.0,
            "Exit_Price": 0.0,
            "Position_Size": 99.46085307336736,
            "Comment": "",
            "Equity": 10138.007013483471,
            "Session": "London",
            "Setup_Quality": "A+",
            "Market_Condition": "Trending",
            "Trade_Duration": 60,
            "MAE": 0.0,
            "MFE": 0.0,
            "Commission": 7.0,
            "Swap": 0.0
        },
        {
            "Date": "2025-06-08",
            "Pair": "EURUSD",
            "Outcome": "Win",
            "Risk%": 1.0,
            "R_Multiple": 2.0,
            "Strategy": "N/A",
            "Entry_Price": 0.0,
            "Exit_Price": 0.0,
            "Position_Size": 101.42362258227044,
            "Comment": "",
            "Equity": 10338.209503391585,
            "Session": "London",
            "Setup_Quality": "A+",
            "Market_Condition": "Trending",
            "Trade_Duration": 60,
            "MAE": 0.0,
            "MFE": 0.0,
            "Commission": 7.0,
            "Swap": 0.0
        },
        {
            "Date": "2025-06-08",
            "Pair": "EURUSD",
            "Outcome": "Win",
            "Risk%": 1.0,
            "R_Multiple": 2.0,
            "Strategy": "N/A",
            "Entry_Price": 0.0,
            "Exit_Price": 0.0,
            "Position_Size": 103.39342030354634,
            "Comment": "",
            "Equity": 10539.128870961726,
            "Session": "London",
            "Setup_Quality": "A+",
            "Market_Condition": "Trending",
            "Trade_Duration": 60,
            "MAE": 0.0,
            "MFE": 0.0,
            "Commission": 7.0,
            "Swap": 0.0
        },
        {
            "Date": "2025-06-08",
            "Pair": "EURUSD",
            "Outcome": "Breakeven",
            "Risk%": 1.0,
            "R_Multiple": 0.0,
            "Strategy": "N/A",
            "Entry_Price": 0.0,
            "Exit_Price": 0.0,
            "Position_Size": 105.43706836584292,
            "Comment": "",
            "Equity": 10536.706836584292,
            "Session": "London",
            "Setup_Quality": "A+",
            "Market_Condition": "Trending",
            "Trade_Duration": 60,
            "MAE": 0.0,
            "MFE": 0.0,
            "Commission": 7.0,
            "Swap": 0.0
        },
        {
            "Date": "2025-06-08",
            "Pair": "EURUSD",
            "Outcome": "Win",
            "Risk%": 1.0,
            "R_Multiple": 2.0,
            "Strategy": "N/A",
            "Entry_Price": 0.0,
            "Exit_Price": 0.0,
            "Position_Size": 105.37594436257295,
            "Comment": "",
            "Equity": 10748.346324982442,
            "Session": "London",
            "Setup_Quality": "A+",
            "Market_Condition": "Trending",
            "Trade_Duration": 60,
            "MAE": 0.0,
            "MFE": 0.0,
            "Commission": 0.0,
            "Swap": 0.0
        },
        {
            "Date": "2025-06-09",
            "Pair": "EURUSD",
            "Outcome": "Win",
            "Risk%": 1.0,
            "R_Multiple": 2.0,
            "Strategy": "N/A",
            "Entry_Price": 0.0,
            "Exit_Price": 0.0,
            "Position_Size": 107.5173159017331,
            "Comment": "",
            "Equity": 10966.766221976775,
            "Session": "London",
            "Setup_Quality": "A+",
            "Market_Condition": "Trending",
            "Trade_Duration": 60,
            "MAE": 0.0,
            "MFE": 0.0,
            "Commission": 0.0,
            "Swap": 0.0
        },
        {
            "Date": "2025-06-10",
            "Pair": "EURUSD",
            "Outcome": "Win",
            "Risk%": 1.0,
            "R_Multiple": 2.0,
            "Strategy": "N/A",
            "Entry_Price": 0.0,
            "Exit_Price": 0.0,
            "Position_Size": 109.65718281718306,
            "Comment": "",
            "Equity": 11185.032647352671,
            "Session": "London",
            "Setup_Quality": "A+",
            "Market_Condition": "Trending",
            "Trade_Duration": 60,
            "MAE": 0.0,
            "MFE": 0.0,
            "Commission": 0.0,
            "Swap": 0.0
        },
        {
            "Date": "2025-06-11",
            "Pair": "EURUSD",
            "Outcome": "Win",
            "Risk%": 1.0,
            "R_Multiple": 2.0,
            "Strategy": "N/A",
            "Entry_Price": 0.0,
            "Exit_Price": 0.0,
            "Position_Size": 111.89132196645348,
            "Comment": "",
            "Equity": 11412.914840578254,
            "Session": "London",
            "Setup_Quality": "A+",
            "Market_Condition": "Trending",
            "Trade_Duration": 60,
            "MAE": 0.0,
            "MFE": 0.0,
            "Commission": 0.0,
            "Swap": 0.0
        },
        {
            "Date": "2025-06-12",
            "Pair": "EURUSD",
            "Outcome": "Win",
            "Risk%": 1.0,
            "R_Multiple": 2.0,
            "Strategy": "N/A",
            "Entry_Price": 0.0,
            "Exit_Price": 0.0,
            "Position_Size": 114.13915903475375,
            "Comment": "",
            "Equity": 11642.194221544882,
            "Session": "London",
            "Setup_Quality": "A+",
            "Market_Condition": "Trending",
            "Trade_Duration": 60,
            "MAE": 0.0,
            "MFE": 0.0,
            "Commission": 0.0,
            "Swap": 0.0
        },
        {
            "Date": "2025-06-12",
            "Pair": "EURUSD",
            "Outcome": "Loss",
            "Risk%": 1.0,
            "R_Multiple": -1.0,
            "Strategy": "N/A",
            "Entry_Price": 0.0,
            "Exit_Price": 0.0,
            "Position_Size": 116.44984516481716,
            "Comment": "",
            "Equity": 11528.534671316898,
            "Session": "London",
            "Setup_Quality": "A+",
            "Market_Condition": "Trending",
            "Trade_Duration": 60,
            "MAE": 0.0,
            "MFE": 0.0,
            "Commission": 0.0,
            "Swap": 0.0
        },
        {
            "Date": "2025-06-12",
            "Pair": "EURUSD",
            "Outcome": "Loss",
            "Risk%": 1.0,
            "R_Multiple": -1.0,
            "Strategy": "N/A",
            "Entry_Price": 0.0,
            "Exit_Price": 0.0,
            "Position_Size": 115.28240621528947,
            "Comment": "",
            "Equity": 11412.958215313658,
            "Session": "London",
            "Setup_Quality": "A+",
            "Market_Condition": "Trending",
            "Trade_Duration": 60,
            "MAE": 0.0,
            "MFE": 0.0,
            "Commission": 0.0,
            "Swap": 0.0
        },
        {
            "Date": "2025-06-12",
            "Pair": "EURUSD",
            "Outcome": "Loss",
            "Risk%": 1.0,
            "R_Multiple": -1.0,
            "Strategy": "N/A",
            "Entry_Price": 0.0,
            "Exit_Price": 0.0,
            "Position_Size": 114.12958215313657,
            "Comment": "",
            "Equity": 11298.82863316052,
            "Session": "London",
            "Setup_Quality": "A+",
            "Market_Condition": "Trending",
            "Trade_Duration": 60,
            "MAE": 0.0,
            "MFE": 0.0,
            "Commission": 0.0,
            "Swap": 0.0
        },
        {
            "Date": "2025-06-12",
            "Pair": "EURUSD",
            "Outcome": "Loss",
            "Risk%": 1.0,
            "R_Multiple": -1.0,
            "Strategy": "N/A",
            "Entry_Price": 0.0,
            "Exit_Price": 0.0,
            "Position_Size": 112.9897130553536,
            "Comment": "",
            "Equity": 11185.981592480006,
            "Session": "London",
            "Setup_Quality": "A+",
            "Market_Condition": "Trending",
            "Trade_Duration": 60,
            "MAE": 0.0,
            "MFE": 0.0,
            "Commission": 0.0,
            "Swap": 0.0
        },
        {
            "Date": "2025-06-13",
            "Pair": "EURUSD",
            "Outcome": "Loss",
            "Risk%": 1.0,
            "R_Multiple": -1.0,
            "Strategy": "N/A",
            "Entry_Price": 0.0,
            "Exit_Price": 0.0,
            "Position_Size": 111.85981592480006,
            "Comment": "",
            "Equity": 11074.121776555206,
            "Session": "London",
            "Setup_Quality": "A+",
            "Market_Condition": "Trending",
            "Trade_Duration": 60,
            "MAE": 0.0,
            "MFE": 0.0,
            "Commission": 0.0,
            "Swap": 0.0
        },
        {
            "Date": "2025-06-14",
            "Pair": "EURUSD",
            "Outcome": "Loss",
            "Risk%": 1.0,
            "R_Multiple": -1.0,
            "Strategy": "N/A",
            "Entry_Price": 0.0,
            "Exit_Price": 0.0,
            "Position_Size": 110.74264434380314,
            "Comment": "",
            "Equity": 10963.52179003651,
            "Session": "London",
            "Setup_Quality": "A+",
            "Market_Condition": "Trending",
            "Trade_Duration": 60,
            "MAE": 0.0,
            "MFE": 0.0,
            "Commission": 0.0,
            "Swap": 0.0
        },
        {
            "Date": "2025-06-15",
            "Pair": "EURUSD",
            "Outcome": "Loss",
            "Risk%": 1.0,
            "R_Multiple": -1.0,
            "Strategy": "N/A",
            "Entry_Price": 0.0,
            "Exit_Price": 0.0,
            "Position_Size": 109.63521790036512,
            "Comment": "",
            "Equity": 10853.886572136147,
            "Session": "London",
            "Setup_Quality": "A+",
            "Market_Condition": "Trending",
            "Trade_Duration": 60,
            "MAE": 0.0,
            "MFE": 0.0,
            "Commission": 0.0,
            "Swap": 0.0
        },
        {
            "Date": "2025-06-20",
            "Pair": "EURUSD",
            "Outcome": "Loss",
            "Risk%": 1.0,
            "R_Multiple": -1.0,
            "Strategy": "N/A",
            "Entry_Price": 0.0,
            "Exit_Price": 0.0,
            "Position_Size": 108.53749591738061,
            "Comment": "",
            "Equity": 10745.21209582068,
            "Session": "London",
            "Setup_Quality": "A+",
            "Market_Condition": "Trending",
            "Trade_Duration": 60,
            "MAE": 0.0,
            "MFE": 0.0,
            "Commission": 0.0,
            "Swap": 0.0
        },
        {
            "Date": "2025-06-26",
            "Pair": "EURUSD",
            "Outcome": "Loss",
            "Risk%": 1.0,
            "R_Multiple": -1.0,
            "Strategy": "N/A",
            "Entry_Price": 0.0,
            "Exit_Price": 0.0,
            "Position_Size": 107.4521209582068,
            "Comment": "",
            "Equity": 10637.759974862473,
            "Session": "London",
            "Setup_Quality": "A+",
            "Market_Condition": "Trending",
            "Trade_Duration": 60,
            "MAE": 0.0,
            "MFE": 0.0,
            "Commission": 0.0,
            "Swap": 0.0
        },
        {
            "Date": "2025-06-26",
            "Pair": "EURUSD",
            "Outcome": "Loss",
            "Risk%": 1.0,
            "R_Multiple": -1.0,
            "Strategy": "N/A",
            "Entry_Price": 0.0,
            "Exit_Price": 0.0,
            "Position_Size": 106.37413272754613,
            "Comment": "",
            "Equity": 10531.039140027067,
            "Session": "London",
            "Setup_Quality": "A+",
            "Market_Condition": "Trending",
            "Trade_Duration": 60,
            "MAE": 0.0,
            "MFE": 0.0,
            "Commission": 0.0,
            "Swap": 0.0
        },
        {
            "Date": "2025-06-26",
            "Pair": "EURUSD",
            "Outcome": "Loss",
            "Risk%": 1.0,
            "R_Multiple": -1.0,
            "Strategy": "N/A",
            "Entry_Price": 0.0,
            "Exit_Price": 0.0,
            "Position_Size": 105.31039140027067,
            "Comment": "",
            "Equity": 10425.728748626796,
            "Session": "London",
            "Setup_Quality": "A+",
            "Market_Condition": "Trending",
            "Trade_Duration": 60,
            "MAE": 0.0,
            "MFE": 0.0,
            "Commission": 0.0,
            "Swap": 0.0
        },
        {
            "Date": "2025-06-29",
            "Pair": "EURUSD",
            "Outcome": "Loss",
            "Risk%": 1.0,
            "R_Multiple": -1.0,
            "Strategy": "N/A",
            "Entry_Price": 0.0,
            "Exit_Price": 0.0,
            "Position_Size": 104.22157876434233,
            "Comment": "",
            "Equity": 10317.93629766989,
            "Session": "London",
            "Setup_Quality": "A+",
            "Market_Condition": "Trending",
            "Trade_Duration": 60,
            "MAE": 0.0,
            "MFE": 0.0,
            "Commission": 0.0,
            "Swap": 0.0
        },
        {
            "Date": "2025-06-30",
            "Pair": "EURUSD",
            "Outcome": "Loss",
            "Risk%": 1.0,
            "R_Multiple": -1.0,
            "Strategy": "N/A",
            "Entry_Price": 0.0,
            "Exit_Price": 0.0,
            "Position_Size": 103.16613360693003,
            "Comment": "",
            "Equity": 10213.447227086073,
            "Session": "London",
            "Setup_Quality": "A+",
            "Market_Condition": "Trending",
            "Trade_Duration": 60,
            "MAE": 0.0,
            "MFE": 0.0,
            "Commission": 0.0,
            "Swap": 0.0
        },
        {
            "Date": "2025-06-30",
            "Pair": "EURUSD",
            "Outcome": "Win",
            "Risk%": 1.0,
            "R_Multiple": 2.0,
            "Strategy": "N/A",
            "Entry_Price": 0.0,
            "Exit_Price": 0.0,
            "Position_Size": 102.13447227086074,
            "Comment": "",
            "Equity": 10417.716171627795,
            "Session": "London",
            "Setup_Quality": "A+",
            "Market_Condition": "Trending",
            "Trade_Duration": 60,
            "MAE": 0.0,
            "MFE": 0.0,
            "Commission": 0.0,
            "Swap": 0.0
        },
        {
            "Date": "2025-06-30",
            "Pair": "EURUSD",
            "Outcome": "Win",
            "Risk%": 1.0,
            "R_Multiple": 2.0,
            "Strategy": "N/A",
            "Entry_Price": 0.0,
            "Exit_Price": 0.0,
            "Position_Size": 104.17929925205856,
            "Comment": "",
            "Equity": 10626.288523709973,
            "Session": "London",
            "Setup_Quality": "A+",
            "Market_Condition": "Trending",
            "Trade_Duration": 60,
            "MAE": 0.0,
            "MFE": 0.0,
            "Commission": 0.0,
            "Swap": 0.0
        },
        {
            "Date": "2025-06-30",
            "Pair": "EURUSD",
            "Outcome": "Win",
            "Risk%": 1.0,
            "R_Multiple": 2.0,
            "Strategy": "N/A",
            "Entry_Price": 0.0,
            "Exit_Price": 0.0,
            "Position_Size": 106.26288523709972,
            "Comment": "",
            "Equity": 10838.814294184172,
            "Session": "London",
            "Setup_Quality": "A+",
            "Market_Condition": "Trending",
            "Trade_Duration": 60,
            "MAE": 0.0,
            "MFE": 0.0,
            "Commission": 0.0,
            "Swap": 0.0
        },
        {
            "Date": "2025-06-30",
            "Pair": "EURUSD",
            "Outcome": "Win",
            "Risk%": 1.0,
            "R_Multiple": 2.0,
            "Strategy": "N/A",
            "Entry_Price": 0.0,
            "Exit_Price": 0.0,
            "Position_Size": 108.38959646617253,
            "Comment": "",
            "Equity": 11055.738839549598,
            "Session": "London",
            "Setup_Quality": "A+",
            "Market_Condition": "Trending",
            "Trade_Duration": 60,
            "MAE": 0.0,
            "MFE": 0.0,
            "Commission": 0.0,
            "Swap": 0.0
        },
        {
            "Date": "2025-07-02",
            "Pair": "EURUSD",
            "Outcome": "Win",
            "Risk%": 1.0,
            "R_Multiple": 2.0,
            "Strategy": "N/A",
            "Entry_Price": 0.0,
            "Exit_Price": 0.0,
            "Position_Size": 110.59292861978811,
            "Comment": "",
            "Equity": 11280.478719218387,
            "Session": "London",
            "Setup_Quality": "A+",
            "Market_Condition": "Trending",
            "Trade_Duration": 60,
            "MAE": 0.0,
            "MFE": 0.0,
            "Commission": 0.0,
            "Swap": 0.0
        },
        {
            "Date": "2025-08-08",
            "Pair": "EURUSD",
            "Outcome": "Loss",
            "Risk%": 1.0,
            "R_Multiple": -1.0,
            "Strategy": "N/A",
            "Entry_Price": 0.0,
            "Exit_Price": 0.0,
            "Position_Size": 112.80621179138049,
            "Comment": "",
            "Equity": 11167.814967346669,
            "Session": "London",
            "Setup_Quality": "A+",
            "Market_Condition": "Trending",
            "Trade_Duration": 60,
            "MAE": 0.0,
            "MFE": 0.0,
            "Commission": 0.0,
            "Swap": 0.0
        },
        {
            "Date": "2025-08-08",
            "Pair": "EURUSD",
            "Outcome": "Loss",
            "Risk%": 3.0,
            "R_Multiple": -1.0,
            "Strategy": "N/A",
            "Entry_Price": 0.0,
            "Exit_Price": 0.0,
            "Position_Size": 335.0515226367374,
            "Comment": "",
            "Equity": 10833.33256525451,
            "Session": "London",
            "Setup_Quality": "A+",
            "Market_Condition": "Trending",
            "Trade_Duration": 60,
            "MAE": 0.0,
            "MFE": 0.0,
            "Commission": 0.0,
            "Swap": 0.0
        },
        {
            "Date": "2025-08-08",
            "Pair": "EURUSD",
            "Outcome": "Loss",
            "Risk%": 3.0,
            "R_Multiple": -1.0,
            "Strategy": "N/A",
            "Entry_Price": 0.0,
            "Exit_Price": 0.0,
            "Position_Size": 324.9999769576353,
            "Comment": "",
            "Equity": 10508.332588296875,
            "Session": "London",
            "Setup_Quality": "A+",
            "Market_Condition": "Trending",
            "Trade_Duration": 60,
            "MAE": 0.0,
            "MFE": 0.0,
            "Commission": 0.0,
            "Swap": 0.0
        },
        {
            "Date": "2025-08-08",
            "Pair": "EURUSD",
            "Outcome": "Loss",
            "Risk%": 3.0,
            "R_Multiple": -1.0,
            "Strategy": "N/A",
            "Entry_Price": 0.0,
            "Exit_Price": 0.0,
            "Position_Size": 315.2499776489062,
            "Comment": "",
            "Equity": 10193.082610647969,
            "Session": "London",
            "Setup_Quality": "A+",
            "Market_Condition": "Trending",
            "Trade_Duration": 60,
            "MAE": 0.0,
            "MFE": 0.0,
            "Commission": 0.0,
            "Swap": 0.0
        },
        {
            "Date": "2025-08-08",
            "Pair": "EURUSD",
            "Outcome": "Loss",
            "Risk%": 3.0,
            "R_Multiple": -1.0,
            "Strategy": "N/A",
            "Entry_Price": 0.0,
            "Exit_Price": 0.0,
            "Position_Size": 305.83970329288826,
            "Comment": "",
            "Equity": 9888.81707313672,
            "Session": "London",
            "Setup_Quality": "A+",
            "Market_Condition": "Trending",
            "Trade_Duration": 60,
            "MAE": 0.0,
            "MFE": 0.0,
            "Commission": 0.0,
            "Swap": 0.0
        },
        {
            "Date": "2025-08-08",
            "Pair": "EURUSD",
            "Outcome": "Loss",
            "Risk%": 3.0,
            "R_Multiple": -1.0,
            "Strategy": "N/A",
            "Entry_Price": 0.0,
            "Exit_Price": 0.0,
            "Position_Size": 296.6493970443175,
            "Comment": "",
            "Equity": 9591.663837766266,
            "Session": "London",
            "Setup_Quality": "A+",
            "Market_Condition": "Trending",
            "Trade_Duration": 60,
            "MAE": 0.0,
            "MFE": 0.0,
            "Commission": 0.0,
            "Swap": 0.0
        },
        {
            "Date": "2025-08-09",
            "Pair": "EURUSD",
            "Outcome": "Loss",
            "Risk%": 3.0,
            "R_Multiple": -1.0,
            "Strategy": "N/A",
            "Entry_Price": 0.0,
            "Exit_Price": 0.0,
            "Position_Size": 287.6960064813445,
            "Comment": "",
            "Equity": 9302.170876230139,
            "Session": "London",
            "Setup_Quality": "A+",
            "Market_Condition": "Trending",
            "Trade_Duration": 60,
            "MAE": 0.0,
            "MFE": 0.0,
            "Commission": 0.0,
            "Swap": 0.0
        },
        {
            "Date": "2025-08-10",
            "Pair": "EURUSD",
            "Outcome": "Loss",
            "Risk%": 3.0,
            "R_Multiple": -1.0,
            "Strategy": "N/A",
            "Entry_Price": 0.0,
            "Exit_Price": 0.0,
            "Position_Size": 279.05962691307235,
            "Comment": "",
            "Equity": 9022.927936856006,
            "Session": "London",
            "Setup_Quality": "A+",
            "Market_Condition": "Trending",
            "Trade_Duration": 60,
            "MAE": 0.0,
            "MFE": 0.0,
            "Commission": 0.0,
            "Swap": 0.0
        }
    ],
    "equity": 9022.927936856006,
    "starting_equity": 10000.0
}